metric,model_2025,actual_2025
mean_price_eur_mwh,89.71657780908653,89.32812871004566
renewable_share_pct_model,62.67858071083453,
